feature1,feature2,target
-2.6197451040897444,B,0
-2.3068377797929234,A,1
-2.355524001766642,A,1
-2.345621630494027,A,0
-0.15441188927222127,B,0
-1.8288248657712969,B,1
-2.6197451040897444,A,1
-2.6197451040897444,B,1
-1.3135503858183424,B,1
-1.0482270890196177,B,1
